S.No,Age,Sex,Fasting,Post Prandial,GTT 1/2 Hr,GTT 1 Hr,GTT 1-1/2 Hr,GTT 2 Hr,HbA1C,MGV,Insulin,T.Cholesterol,TGL,HDL,LDL,Chol/HDL.Ratio,Apolipoprotein-A1,Apolipoprotein-B,P,BUN,Serum Creatinine,Microalbumin,UrineCreatinine,Alb/Crea Ratio,SGOT,SGPT,Alk.Phosphate,T.Protein,Albumin,T.Bilirubin,D.Bilirubin,Hemoglobin,TSH3,UricAcid,Homosystiene,hs-CRP,SOD,LPO,Apo B/Apo,Prediction
1,38,female,87,78.82608696,146,129,112,85,5.8,120,6.2,146,46,38,89,3.8,0,0.466666667,0.046666667,7,0.6,19.2,62.3,30.8,16,27,69,8,3.9,0.4,0.1,10.9,1.31,3,13.21,0.651764706,1.554,0,0,NORMAL
2,33,female,119,95,89,85,5.5,111,6.9,174,47,50,99,3.5,122.0604027,4.468707483,0,7,0.7,14.6,93.9,15.5,22,33,69,7.1,3.5,0.4,0.1,12.1,1.5,2.7,15.85,4.158503401,13.54392157,0.651764706,1.554,0,0,NORMAL
3,45,female,87,0,105,110,80,78,5.7,117,4.8,160,58,49,89,3.3,0,0,0,10,0.7,9.4,25.6,36.7,28,34,176,7.9,3.8,0.5,0.1,14.1,2.74,3,11.51,0,0,0,0,NORMAL
4,44,female,89,96,179.6884058,203.3913043,196.1847826,177.1126761,6.2,131,3.4,151,65,60,83,4.468707483,0,0.466666667,0.046666667,7,0.7,1.6,23.63,7,25,30,83,7.4,3.7,0.55,0.2,9,2.71,3.2,7.45,0.651764706,1.554,0,0,NORMAL
5,44,male,97,78.82608696,215,202,127,77,5.4,109,7.524528302,186,67,67,108,2.7,0,0.466666667,0.046666667,15,1,29.9,162.1,18.45,27,35,95,7.8,3.8,0.65,0.17,14.9,5.52,3.8,13.54392157,0.651764706,1.554,0,0,NORMAL
6,36,female,82,78.82608696,118,82,73,88,5.4,108,8.6,181,52,55,108,3.3,0,0.466666667,0.046666667,14,0.8,5.8,154,3.76,14,24,90,7.1,3.6,0.9,0.2,12.4,2.7,3.9,10.9,0.651764706,1.554,0,0,NORMAL
7,28,female,91,78.82608696,94,88,84,80,5.5,111,10.8,182,88,37,137,4.9,0,0.466666667,0.046666667,7,0.6,25,92.7,27,14,31,82,7.5,3.5,0.3,0.1,12.2,1.53,2.9,15.2,0.651764706,1.554,0,0,NORMAL
8,31,female,90,78.82608696,95,94,91,83,5.4,109,5.3,185,147,33,123,5.6,0,0.466666667,0.046666667,8,0.8,4.7,86,12.92226087,26,51,67,7.7,4.1,0.6,0.2,12.6,2.15,3.5,10.83,0.651764706,1.554,0,0,NORMAL
9,38,female,90,78.82608696,93,101,100,80,5.4,109,4.9,141,58,49,85,2.9,0,0.466666667,0.046666667,6,0.6,13.2,63.6,12.92226087,15,25,99,7.9,3.8,0.5,0.1,13,2.66,2.9,13.02,0.651764706,1.554,0,0,NORMAL
10,71,male,92,78.82608696,179.6884058,203.3913043,196.1847826,89,5.8,120,8.4,144,77,31,113,4.6,0,0.466666667,0.046666667,11,1.1,16.9,139.24,12.14,15,33,73,7.1,4.1,0.89,0.2,16.3,5.18,5.8,14.72,0.651764706,1.554,0,0,NORMAL
11,46,male,89,78.82608696,160,167,129,100,5.3,106,7.524528302,193,78,49,138,3.9,0,0.466666667,0.046666667,8,1,15.8,47.5,12.92226087,29,30,69,7.8,4,0.5,0.1,17.5,0.68,4.5,13.54392157,0.651764706,1.554,0,0,NORMAL
12,36,female,90,78.82608696,140,161,120,106,5.1,148.3108108,7.524528302,151,90,49,96,3.1,0,0.466666667,0.046666667,8,0.9,6.6,49.8,12.92226087,18,26,67,7.8,3.9,0.4,1,13.6,1.41,2.9,13.54392157,0.651764706,1.554,0,0,NORMAL
13,52,female,89,78.82608696,130,126,103,85,5.7,148.3108108,7.524528302,189,128,45,132,4.2,0,0.466666667,0.046666667,10,0.8,25.8,160.3,12.92226087,14,22,91,7.6,3.6,0.6,0.2,12.1,2.41,3.2,13.54392157,0.651764706,1.554,0,0,NORMAL
14,50,female,87,78.82608696,105,122,114,86,5.7,117,7.524528302,205,441,27,118,7.6,0,0.466666667,0.046666667,9,0.7,0.2,33.6,12.92226087,15,35,60,7.4,3.8,0.5,0.2,8.7,1.65,3.4,13.54392157,0.651764706,1.554,0,0,NORMAL
15,36,male,89,78.82608696,106,103,92,88,5.5,111,7.524528302,188,71,63,117,3,0,0.466666667,0.046666667,8,1,7.2,67.3,12.92226087,19,26,59,7.5,3.6,1.2,0.3,15.5,0.55,5.4,13.54392157,0.651764706,1.554,0,0,NORMAL
16,30,female,87,78.82608696,121,100,90,85,4.8,91,10.7,110,45,33,68,3.3,0,0.466666667,0.046666667,7,0.8,5.5,70.76,7.77,15,31,55,8,4.5,0.4,0.2,9.2,1.63,3,12.93,0.651764706,1.554,0,0,NORMAL
17,42,female,94,78.82608696,110,94,104,85,5.5,111,7.524528302,172,64,46,127,3.7,0,0.466666667,0.046666667,9,0.8,8.1,158.2,12.92226087,16,22,7.6,7,3.4,0.3,0.1,11.6,1.65,2.9,13.54392157,0.651764706,1.554,0,0,NORMAL
18,58,male,90,78.82608696,189,163,110,90,5,97,7.524528302,169,89,47,114,3.6,0,0.466666667,0.046666667,7,0.9,9.4,74.3,12.92226087,34,42,78,7.6,3.9,0.6,0.2,17.5,1.36,4.8,13.54392157,0.651764706,1.554,0,0,NORMAL
19,48,female,100,78.82608696,146,138,110,89,6.1,129,7.524528302,169,105,48,110,3.5,0,0.466666667,0.046666667,13,1,0.1,43.6,12.92226087,15,23,67,7.5,3.6,0.5,0.1,11.6,3.28,3.6,13.54392157,0.651764706,1.554,0,0,NORMAL
20,54,female,97,78.82608696,159,110,98,90,5.5,111,7.524528302,185,69,68,108,2.7,0,0.466666667,0.046666667,11,0.9,1.8,69.1,3,16,24,66,7.6,3.4,0.5,0.1,14.7,5.88,3.4,13.54392157,0.651764706,1.554,0,0,NORMAL
21,38,male,92,78.82608696,107,110,96,87,5.8,120,7.524528302,184,84,43,132,4.3,0,0.466666667,0.046666667,16,1.7,3.7,61.2,6,19,30,85,7.5,4,0.5,0.1,11.6,6.97,3.4,13.54392157,0.651764706,1.554,0,0,NORMAL
22,30,female,94,78.82608696,130,124,118,98,5.8,120,7.524528302,187,88,48,127,3.9,0,0.466666667,0.046666667,9,1.1,0.3,66.3,12.92226087,19,32,79,8,3.9,0.4,0.1,14.3,17.16,4.7,13.54392157,0.651764706,1.554,0,0,NORMAL
23,53,female,81,78.82608696,132,128,110,80,5.8,120,7.524528302,178,165,46,106,3.9,0,0.466666667,0.046666667,7,0.8,0.1,24.3,0.1,21,34,61,7.9,3.8,0.3,0.1,13.1,5,3.2,13.54392157,0.651764706,1.554,0,0,NORMAL
24,53,female,103,0,0,0,0,94,6.1,129,0,264,130,52,187,5.1,0,0,0,16,0.8,0.2,27,0.1,58,69,66,8,4,0.3,0.1,12.8,1.13,4.4,0,0,0,0,0,NORMAL
25,43,female,90,78.82608696,128,126,110,98,5.3,106,7.524528302,207,87,56,141,3.7,0,0.466666667,0.046666667,7,1,0.1,19,12.92226087,15,37,66,7.5,3.6,0.4,0.1,12.9,2.08,3.2,13.54392157,0.651764706,1.554,0,0,NORMAL
26,48,female,99,78.82608696,187,160,109,95,5.7,117,7.524528302,183,75,46,124,5.2,0,0.466666667,0.046666667,16,0.9,3.3,9.1,0.36,42,31,110,8,3.9,0.3,0.1,12.2,3.79,4,13.54392157,0.651764706,1.554,0,0,NORMAL
27,53,female,91,78.82608696,181,148,131,103,5.9,123,7.524528302,195,133,51,134,3.8,0,0.466666667,0.046666667,6,0.8,0.4,41.5,1,27,38,83,7.9,4,0.6,0.2,13.2,2.58,2.9,13.54392157,0.651764706,1.554,0,0,NORMAL
28,39,female,93,78.82608696,136,117,105,102,5.1,100,7.524528302,152,95,48,90,3.2,0,0.466666667,0.046666667,6,0.8,11.3,34.4,0.33,19,33,77,7.8,3.9,0.6,0.2,13.3,2.55,3,13.54392157,0.651764706,1.554,0,0,NORMAL
29,28,female,88,78.82608696,128,98,95,82,5.5,111,7.524528302,103,40,45,52,2.3,0,0.466666667,0.046666667,8,0.8,0.2,13.3,12.92226087,19,37,51,7.1,3.6,0.5,0.1,7.7,2.42,3.1,13.54392157,0.651764706,1.554,0,0,NORMAL
30,48,female,96,78.82608696,110,115,100,95,5.6,114,7.524528302,195,154,38,139,5.1,0,0.466666667,0.046666667,6,0.8,1.4,67.9,0.2,19,35,120,8.1,4,0.4,0.1,13,3.205102041,4,13.54392157,0.651764706,1.554,0,0,NORMAL
31,31,female,88,78.82608696,150,135,120,90,5.6,114,7.524528302,156,74,44,107,3.5,0,0.466666667,0.046666667,6,0.9,0.7,27.6,0.3,17,32,80,7.7,3.6,0.3,0.1,13.9,17.72,3.7,13.54392157,0.651764706,1.554,0,0,NORMAL
32,28,female,95,0,121,107,101,87,5.4,109,0,140,57,48,84,2.9,0,0,0,8,0.8,3.6,151.5,2,15,22,58,7.5,3.4,0.5,0.1,14.6,3.39,3.9,0,0,0,0,0,NORMAL
33,64,male,92,78.82608696,161,153,146,138,5.9,123,7.3,155,128,50,88,3.1,0,0.466666667,0.046666667,9,1.2,4,55.51,7.21,18,35,69,7.2,4.2,0.4,0.2,15.5,1.87,4.4,50,0.651764706,1.554,0,0,NORMAL
34,46,male,88,78.82608696,150,136,110,98,5.5,111,3.8,165,89,36,116,4.5,0,0.466666667,0.046666667,9,1,1.9,44.92,4,18,30,56,7.6,4.4,0.4,0.2,14.9,1.93,5,14.56,0.651764706,1.554,0,0,NORMAL
35,30,female,97,0,175,118,105,97,5.4,109,0,177,104,60,107,3,0,0,0,7,0.8,1.4,104.9,1,17,25,61,7.8,3.9,0.4,0.1,14.7,1.88,3.6,0,0,0,0,0,NORMAL
36,29,female,97,78.82608696,185,130,128,103,5.7,117,7.524528302,185,98,55,113,3.4,0,0.466666667,0.046666667,7,0.9,0.4,35.4,1.13,15,32,78,7.9,3.6,0.7,0.2,12.4,0.54,2.9,13.54392157,0.651764706,1.554,0,0,NORMAL
37,38,female,88,78.82608696,135,159,161,120,5.3,106,7.524528302,228,88,41,170,5.6,0,0.466666667,0.046666667,8,1,0.7,83.6,0.84,15,37,51,8,3.9,0.9,0.2,13.9,1.39,4,13.54392157,0.651764706,1.554,0,0,NORMAL
38,39,female,94,78.82608696,140,127,109,108,5.5,111,7.524528302,152,159,39,87,3.9,0,0.466666667,0.046666667,7,0.8,3.9,109.5,3.56,19,36,58,7.8,4.4,0.5,0.1,13.7,1,3.6,13.54392157,0.651764706,1.554,0,0,NORMAL
39,66,male,94,78.82608696,172,151,148,135,5.9,123,7.524528302,205,121,36,150,5.7,0,0.466666667,0.046666667,12,1.5,0.1,38.6,0.26,18,34,54,7.9,3.6,0.5,0.1,14.4,1.46,5.7,13.54392157,0.651764706,1.554,0,0,NORMAL
40,31,female,99,78.82608696,166,154,149,130,5.7,117,7.524528302,192,69,50,126,3.8,0,0.466666667,0.046666667,11,0.9,0.5,60.1,0.83,19,37,92,8,4,0.3,0.1,12.7,6.97,3.4,13.54392157,0.651764706,1.554,0,0,NORMAL
41,41,female,86,78.82608696,120,117,100,90,6,126,2.4,170,81,64,96,2.7,0,0.466666667,0.046666667,8,0.6,35.1,31.3,12.92226087,17,31,120,7.5,4.1,0.6,0.1,11,1.32,3,16.34,0.651764706,1.554,0,0,NORMAL
42,65,female,91,76,179.6884058,203.3913043,196.1847826,177.1126761,5.3,106,2.9,169,77,47,112,3.6,0,0.466666667,0.046666667,8,0.7,5.1,55.88,9.13,15,30,132,7.5,3.6,0.54,0.2,12.1,1.59,3,13.04,0.651764706,1.554,0,0,NORMAL
43,41,female,92,78.82608696,128,100,96,87,5.3,106,7.524528302,183,81,47,121,3.9,0,0.466666667,0.046666667,7,1,0.5,39.7,1.26,17,32,57,7.9,3.6,0.4,0.1,14,1.12,2.9,13.54392157,0.651764706,1.554,0,0,NORMAL
44,32,female,95,78.82608696,96,140,119,98,5.2,103,7.524528302,139,101,45,86,3.1,0,0.466666667,0.046666667,10,0.8,10.27034483,42.7,12.92226087,14,37,109,7.6,3.6,0.6,0.2,12.5,3.83,2.9,13.54392157,0.651764706,1.554,0,0,NORMAL
45,41,male,96,78.82608696,141,128,126,97,6,126,7.524528302,159,114,43,99,3.7,0,0.466666667,0.046666667,7,0.9,0.8,29.5,2.71,18,32,96,6.8,3.5,0.3,0.1,10.7,2.12,2.9,13.54392157,0.651764706,1.554,0,0,NORMAL
46,47,female,89,78.82608696,142,162,156,130,6,126,7.524528302,192,215,44,131,4.4,0,0.466666667,0.046666667,10,1,3.5,69.7,5.02,22,42,71,7.8,4.6,0.4,0.1,13.6,1.57,3.1,13.54392157,0.651764706,1.554,0,0,NORMAL
47,39,male,90,78.82608696,121,107,96,88,5.6,114,7.524528302,190,199,37,137,5.1,0,0.466666667,0.046666667,10,1,1.5,99.9,1.5,33,55,76,7.6,4.6,0.6,0.2,14.5,2.3,5,13.54392157,0.651764706,1.554,0,0,NORMAL
48,50,male,97,78.82608696,185,142,120,101,5.6,114,7.524528302,150,143,38,96,3.9,0,0.466666667,0.046666667,7,1,0.7,26.8,2.61,24,34,59,7.4,4.5,0.5,0.2,13.8,6.72,3.8,13.54392157,0.651764706,1.554,0,0,NORMAL
49,43,female,95,78.82608696,84,86,88,85,5.5,111,7.524528302,140,53,55,82,2.5,0,0.466666667,0.046666667,9,0.8,2.4,27.7,8.7,19,24,54,7,3.4,0.4,0.1,12.4,2.15,2.9,13.54392157,0.651764706,1.554,0,0,NORMAL
50,46,female,85,78.82608696,130,129,98,96,6.1,129,7.524528302,141,87,35,91,4,0,0.466666667,0.046666667,11,1,11.2,148,12.92226087,19,30,108,7.1,3.8,0.3,0.1,12.1,2.04,3.1,13.54392157,0.651764706,1.554,0,0,NORMAL
51,45,male,122,78.82608696,218,230,253,171,6.7,147,13.9,147,164,37,78,4,0,0.466666667,0.046666667,12,1,7.6,79.2,7.7,24,52,78,7.6,3.9,0.6,0.2,15.4,2.01,3.9,10.92,0.651764706,1.554,0,0,PRE-DM
52,53,female,113,78.82608696,238,204,171,134,5.9,123,7.524528302,248,111,55,182,4.5,0,0.466666667,0.046666667,12,0.8,35.2,37.5,12.92226087,22,33,93,8.1,3.9,0.4,0.1,13.8,20.21,3.9,13.54392157,0.651764706,1.554,0,0,PRE-DM
53,49,female,112,78.82608696,205,216,236,148,6.5,140,7.524528302,158,128,37,102,4.3,0,0.466666667,0.046666667,15,1.1,24.1,115.1,12.92226087,19,28,95,8,4,0.7,0.2,12.8,2.52,4.7,13.54392157,0.651764706,1.554,0,0,PRE-DM
54,37,female,117,0,204,218,158,140,6.6,143,0,199,128,60,127,3.3,0,0,0,9,0.9,3.1,150.1,2,15,22,88,7.7,3.6,0.4,0.1,13.7,2.63,3.2,0,0,0,0,0,PRE-DM
55,53,female,113,78.82608696,161,176,167,146,6.2,131,7.524528302,257,118,45,196,5.7,0,0.466666667,0.046666667,8,0.8,1.1,44,3,14,25,85,7.4,3.8,0.4,0.1,11.9,2.29,5,13.54392157,0.651764706,1.554,0,0,PRE-DM
56,58,female,112,78.82608696,216,210,195,146,6.7,147,7.524528302,210,119,45,145,4.7,0,0.466666667,0.046666667,12,0.8,3.6,48.9,7.36,21,38,94,7.6,3.8,0.3,0.1,11.1,1.47,3.2,13.54392157,0.651764706,1.554,0,0,PRE-DM
57,53,female,115,78.82608696,209,273,267,178,7.1,157,7.524528302,241,153,51,162,4.7,0,0.466666667,0.046666667,15,0.8,7.8,111.3,7.01,19,40,69,8,3.9,0.4,0.1,12.1,3.13,5.1,13.54392157,0.651764706,1.554,0,0,PRE-DM
58,43,female,102,147,179.6884058,203.3913043,196.1847826,177.1126761,5.9,123,7.524528302,153,69,50,94,3.1,0,0.466666667,0.046666667,12,0.8,6.5,121.9,5.33,18,39,70,8,4.1,0.7,0.2,9.7,1.93,3.3,13.54392157,0.651764706,1.554,0,0,PRE-DM
59,53,female,121,78.82608696,179,173,168,140,6.7,147,7.524528302,168,76,56,104,3,0,0.466666667,0.046666667,8,0.8,1.8,40.8,12.92226087,95,36,118,8,3.9,0.4,0.1,8.1,2.94,2.9,13.54392157,0.651764706,1.554,0,0,PRE-DM
60,46,male,113,78.82608696,208,260,271,199,8.6,200,7.524528302,206,165,35,162,5.9,0,0.466666667,0.046666667,9,1,7.9,116,6.81,32,58,73,7.9,4.7,0.6,0.2,14.1,1.18,4.4,13.54392157,0.651764706,1.554,0,0,PRE-DM
61,30,male,118,78.82608696,185,232,200,148,6.4,137,7.524528302,215,138,42,172,5.1,0,0.466666667,0.046666667,9,1,1.4,34.5,4.06,41,75,78,7.9,4.7,1.04,0.33,16.1,8.84,6.1,13.54392157,0.651764706,1.554,0,0,PRE-DM
62,52,female,114,78.82608696,185,207,202,157,6.5,140,7.524528302,233,235,40,155,5.8,0,0.466666667,0.046666667,9,0.8,2.1,36.3,5.79,17,35,97,8,4.5,0.5,0.2,12.3,1.46,4.8,13.54392157,0.651764706,1.554,0,0,PRE-DM
63,73,male,80,78.82608696,146,156,160,157,5.9,123,7.524528302,187,69,59,105,3.2,0,0.466666667,0.046666667,13,1,3.9,73.1,5.34,16,30,73,7.8,4,0.5,0.1,15,0.5,4.7,13.54392157,0.651764706,1.554,0,0,PRE-DM
64,49,male,93,78.82608696,142,157,167,160,6.4,137,7.524528302,138,70,32,97,4.3,0,0.466666667,0.046666667,9,1,15.1,83.4,18.11,19,34,94,7.6,4.4,0.4,0.1,8.8,1.24,4,13.54392157,0.651764706,1.554,0,0,PRE-DM
65,51,male,121,78.82608696,182,225,156,140,6.7,147,7.524528302,193,220,41,115,4.7,0,0.466666667,0.046666667,9,1,0.2,36.2,0.55,22,42,71,7.3,4,0.7,0.2,14.4,2.29,5.1,13.54392157,0.651764706,1.554,0,0,PRE-DM
66,44,female,85,78.82608696,211,218,192,140,6.1,129,7.524528302,195,73,46,146,4.2,0,0.466666667,0.046666667,11,0.9,0.9,50.2,1.79,37,47,83,7.8,4.4,0.3,0.1,13.2,1.73,3.1,13.54392157,0.651764706,1.554,0,0,PRE-DM
67,41,female,82,78.82608696,128,179,159,152,5.9,123,7.524528302,139,131,39,82,3.6,0,0.466666667,0.046666667,9,0.8,1.6,83.1,1.93,14,32,73,7.6,4,0.7,0.2,10.1,1.84,3.7,13.54392157,0.651764706,1.554,0,0,PRE-DM
68,56,male,95,78.82608696,148,207,220,168,6.6,143,7.524528302,136,104,26,92,5.2,0,0.466666667,0.046666667,11,1,15.5,170.7,9.08,18,37,77,7.2,4,0.5,0.2,13.1,1.39,3.6,13.54392157,0.651764706,1.554,0,0,PRE-DM
69,43,female,110,78.82608696,173,177,174,154,6.6,143,7.524528302,155,75,42,115,3.7,0,0.466666667,0.046666667,7,0.8,11.5,133.5,2.61,20,32,83,7.3,4,0.3,0.1,8.9,6.47,4.2,13.54392157,0.651764706,1.554,0,0,PRE-DM
70,60,female,91,0,121,139,161,162,7.4,166,0,214,109,42,167,5.1,0,0,0,13,0.9,14.1,60.8,23.19,14,39,83,7.6,4.1,0.3,0.1,11.9,3.23,4.1,0,0,0,0,0,PRE-DM
71,50,male,105,78.82608696,166,158,170,161,5.7,117,7.524528302,204,137,48,141,4.3,0,0.466666667,0.046666667,10,1.3,4.6,56.3,12.92226087,20,44,64,7.5,4.3,0.7,0.2,14.1,2.19,6.2,13.54392157,0.651764706,1.554,0,0,PRE-DM
72,50,female,91,0,168,190,219,145,6,126,0,190,185,52,128,3.7,0,0,0,7,0.8,4.7,28.4,16,21,22,63,7.9,4.7,1,0.3,13.6,0.38,3.1,0,0,0,0,0,PRE-DM
73,33,female,92,78.82608696,171,215,198,155,6.3,134,7.524528302,173,114,40,135,4.3,0,0.466666667,0.046666667,8,0.8,5.3,54.7,9.68,34,55,134,7.5,4.3,0.4,0.1,10.1,1.36,3.3,13.54392157,0.651764706,1.554,0,0,PRE-DM
74,57,female,108,78.82608696,190,177,155,150,6.7,147,7.524528302,194,207,27,148,7.2,0,0.466666667,0.046666667,9,1,7.2,87.8,8.2,19,37,95,7.9,4.5,0.3,0.1,12.8,2.84,4.6,13.54392157,0.651764706,1.554,0,0,PRE-DM
75,56,male,100,0,181,175,176,151,5.9,123,0,210,100,39,155,5.4,0,0,0,9,1.1,2.5,81.4,3.07,15,36,66,7.2,4.6,0.4,0.1,15.6,2.19,5.1,0,0,0,0,0,PRE-DM
76,43,female,100,78.82608696,152,180,148,149,5.7,117,7.524528302,169,95,47,120,3.6,0,0.466666667,0.046666667,7,0.8,2.8,69.4,4.03,14,32,58,7.1,4.4,0.5,0.1,12.4,1.54,3.3,13.54392157,0.651764706,1.554,0,0,PRE-DM
77,53,male,96,78.82608696,164,198,172,143,5.6,114,7.524528302,180,171,35,132,5.1,0,0.466666667,0.046666667,8,1.1,5.1,143.9,5.1,15,38,99,7.4,4.4,1.32,0.36,15.9,1.75,5.3,13.54392157,0.651764706,1.554,0,0,PRE-DM
78,44,female,96,78.82608696,172,202,188,146,6,126,7.524528302,146,78,34,116,4.3,0,0.466666667,0.046666667,8,0.9,4.4,26.7,16.4,21,26,103,7.4,4.3,0.5,0.1,13.1,2.7,3.6,13.54392157,0.651764706,1.554,0,0,PRE-DM
79,41,female,91,0,153,199,168,148,6.2,131,0,219,110,40,179,5.5,0,0,0,6,0.9,1.6,35.3,4.53,16,30,49,7.7,4.6,0.6,0.1,12.4,2.09,3.8,0,0,0,0,0,PRE-DM
80,46,male,84,78.82608696,186,192,160,141,5.6,114,7.524528302,160,79,55,105,2.9,0,0.466666667,0.046666667,11,1.3,7.9,125.5,6.29,22,36,68,8.1,4.7,0.6,0.2,15.7,3.205102041,5.3,13.54392157,0.651764706,1.554,0,0,PRE-DM
81,47,female,120,78.82608696,197,231,212,175,7.6,171,11.3,232,285,36,130,6.4,0,0.466666667,0.046666667,9,0.9,6,60,10,25,47,71,8.1,4.5,0.6,0.2,12.8,2.3,5.5,14.79,3.48,1.554,0,0,PRE-DM
82,47,female,102,78.82608696,166,220,203,172,5.1,100,7.524528302,146,106,54,88,2.7,0,0.466666667,0.046666667,10,0.8,2.4,91,2.64,18,30,74,7.3,4.5,0.5,0.2,12.9,0.92,3.4,13.54392157,0.651764706,1.554,0,0,PRE-DM
83,42,male,123,78.82608696,179.6884058,203.3913043,196.1847826,167,6.6,143,7.524528302,196,457,37,103,5.3,0,0.466666667,0.046666667,10,1.1,5.6,127.6,4.39,20,35,63,7.9,4.6,0.7,0.2,16,4.03,6.5,13.54392157,0.651764706,1.554,0,0,PRE-DM
84,60,female,106,78.82608696,194,142,136,132,6.1,129,7.524528302,161,84,44,118,3.7,0,0.466666667,0.046666667,17,0.9,22.9,79.7,12.92226087,26,39,90,8.2,4.4,0.4,0.1,9.7,3.77,2.6,13.54392157,0.651764706,1.554,0,0,PRE-DM
85,39,male,100,78.82608696,175,198,193,166,7.1,157,7.524528302,166,215,28,107,5.9,0,0.466666667,0.046666667,14,1.3,28.4,112.9,25.16,22,40,59,7.9,4.8,1.24,0.37,14.9,27.86,8,13.54392157,0.651764706,1.554,0,0,PRE-DM
86,53,female,106,78.82608696,239,238,222,185,6.4,137,7.524528302,176,138,45,135,3.9,0,0.466666667,0.046666667,9,0.8,4.4,29.6,14.86,17,34,92,7.8,4.9,0.4,0.1,13.8,2.33,3.8,13.54392157,0.651764706,1.554,0,0,PRE-DM
87,40,male,101,0,191,252,195,146,5.5,111,0,203,157,40,165,5.1,0,0,0,10,1,3.2,80.9,3.96,22,35,96,8.2,4.8,0.6,0.2,14.2,2.77,4.8,0,0,0,0,0,PRE-DM
88,55,female,101,78.82608696,192,230,198,179,6.6,143,7.524528302,245,178,48,182,5.1,0,0.466666667,0.046666667,9,1.1,23.5,99.4,23.64,20,39,98,7.9,4.6,0.4,0.1,11.5,2.13,6.6,13.54392157,0.651764706,1.554,0,0,PRE-DM
89,50,male,99,78.82608696,157,217,333,160,5.9,123,7.524528302,178,93,43,143,4.1,0,0.466666667,0.046666667,7,1,10.1,23.7,12.92226087,22,33,61,7.9,4.3,0.9,0.3,15.1,13.08,5.7,13.54392157,0.651764706,1.554,0,0,PRE-DM
90,49,female,112,78.82608696,203,209,181,146,6,126,10.7,115,71,37,70,3.1,0,0.466666667,0.046666667,6,0.7,10.27034483,79.86582192,12.92226087,20,13,51,7.7,4.2,0.4,0.2,8.4,2.8,3.2,5.4,3,1.554,0,0,PRE-DM
91,46,female,96,78.82608696,176,229,204,193,7,154,14.1,147,80,49,106,3,0,0.466666667,0.046666667,7,0.8,9,105,9,16,19,64,7.3,4.4,0.4,0.2,10.9,2.43,5.2,14.8,4.6,1.554,0,0,PRE-DM
92,40,male,101,0,191,252,195,146,5.5,111,0,203,157,40,165,5.1,0,0,0,10,1,3.2,80.9,3.96,22,35,96,8.2,4.8,0.6,0.2,14.2,2.77,4.8,0,0,0,0,0,PRE-DM
93,61,male,98,0,207,259,252,150,6.4,137,0,155,56,51,109,3,0,0,0,9,0.9,2.6,82.5,3.15,17,35,64,7.7,4.3,1.27,0.4,15.7,1.56,3.3,0,0,0,0,0,PRE-DM
94,55,female,120,78.82608696,209,250,170,169,7.6,171,7.524528302,129,74,49,82,2.6,0,0.466666667,0.046666667,8,0.8,1.5,73.7,2.04,26,52,101,7.6,4.4,0.5,0.2,13.5,4.38,3.9,13.54392157,0.651764706,1.554,0,0,PRE-DM
95,36,female,113,78.82608696,157,195,169,158,6.1,129,7.524528302,184,82,41,156,4.5,0,0.466666667,0.046666667,9,0.9,0.7,50.2,1.39,13,30,83,7.2,4.1,0.5,0.1,11.9,4.49,4.4,13.54392157,0.651764706,1.554,0,0,PRE-DM
96,38,female,92,78.82608696,160,224,193,158,5.7,117,7.524528302,132,77,45,95,2.9,0,0.466666667,0.046666667,10,0.8,4.8,139.9,3.43,14,30,105,6.9,4.1,0.7,0.2,8.5,4.15,3.9,13.54392157,0.651764706,1.554,0,0,PRE-DM
97,63,male,98,78.82608696,183,214,205,167,6.8,149,7.524528302,190,138,43,148,4.4,0,0.466666667,0.046666667,13,0.9,0.5,39.3,1.27,17,38,51,7.2,4.4,0.4,0.1,14.1,1.58,5.9,13.54392157,0.651764706,1.554,0,0,PRE-DM
98,47,female,103,78.82608696,126,168,204,167,6.7,147,7.524528302,199,160,42,138,4.7,0,0.466666667,0.046666667,8,1,1.3,21.3,6.1,16,43,82,8,4.8,0.4,0.1,11.9,2.66,4.6,13.54392157,0.651764706,1.554,0,0,PRE-DM
99,71,male,88,78.82608696,209,192,188,152,6.8,149,7.524528302,160,68,38,129,4.2,0,0.466666667,0.046666667,8,1,5.9,141.1,5.9,18,33,63,7.5,4.1,1.04,0.32,12.9,6.17,5.6,13.54392157,0.651764706,1.554,0,0,PRE-DM
100,49,female,117,78.82608696,195,222,191,140,6.8,149,7.524528302,207,292,26,125,8,0,0.466666667,0.046666667,7,0.7,0.8,39.7,12.92226087,69,81,125,8,3.9,0.3,0.1,12.2,3.205102041,5,13.54392157,0.651764706,1.554,0,0,PRE-DM
101,55,female,146,78.82608696,184,274,287,253,9.4,223,15.8,187,73,41,121,4.6,0,0.466666667,0.046666667,6,0.7,6.7,148.7,4.5,59,55,129,7.9,4,0.5,0.1,11,5.7,4.9,17.89,0.651764706,1.554,0,0,DM
102,54,female,144,78.82608696,203,264,257,240,9.1,215,10,116,122,15,70,7.7,0,0.466666667,0.046666667,8,1,27.1,229.6,11.8,41,35,155,7.8,3.6,0.4,0.1,11.7,1.49,4.158503401,20.03,0.651764706,1.554,0,0,DM
103,42,male,145,78.82608696,185,270,247,240,9.3,220,6.5,188,103,36,122,5.2,0,0.466666667,0.046666667,7,0.8,18.1,119.2,15.2,29,62,111,7.2,3.6,0.6,0.2,17,0.85,3,15.15,0.651764706,1.554,0,0,DM
104,44,male,81,78.82608696,184,197,221,215,5.6,114,11.8,156,64,52,90,3,0,0.466666667,0.046666667,8,0.9,46.2,103.82,44.5,19,44,110,7.4,4.4,0.6,0.2,16,1.93,3,13.39,0.651764706,1.554,0,0,DM
105,40,male,219,78.82608696,439,428,404,309,12.2,304,5.3,178,252,33,96,5.4,0,0.466666667,0.046666667,7,0.7,48,144.8,33.1,32,57,146,8,4.1,0.6,0.1,18.3,1.16,2.9,26.87,0.651764706,1.554,0,0,DM
106,57,male,186,78.82608696,266,360,363,379,10.8,263,7.524528302,169,118,34,112,5,0,0.466666667,0.046666667,9,1.2,17.8,85.6,12.92226087,15,28,105,7.9,3.8,0.5,0.2,15.5,0.84,3,13.54392157,0.651764706,1.554,0,0,DM
107,46,male,127,78.82608696,166,300,306,262,7.5,169,10.7,156,224,34,74,4.6,0,0.466666667,0.046666667,9,0.9,10.27034483,79.86582192,12.92226087,45,79,96,8,3.9,0.6,0.2,15.8,1.6,6.2,15.37,0.651764706,1.554,0,0,DM
108,42,male,122,78.82608696,210,320,310,253,7.3,163,7.524528302,148,122,24,104,6.2,0,0.466666667,0.046666667,6,1,3.3,153.9,12.92226087,24,45,98,7.3,3.7,0.4,0.1,15.3,2.29,4.2,13.54392157,0.651764706,1.554,0,0,DM
109,41,male,168,216,179.6884058,203.3913043,196.1847826,177.1126761,7.9,180,7.524528302,136,197,26,85,5.2,0,0.466666667,0.046666667,7,0.8,3.2,115.4,12.92226087,18,41,73,7.6,4,1.2,0.3,16.8,3.01,4.9,13.54392157,0.651764706,1.554,0,0,DM
110,53,male,143,231,179.6884058,203.3913043,196.1847826,177.1126761,7.8,177,7.524528302,166,158,32,108,5.2,0,0.466666667,0.046666667,8,1.1,34.1,204.5,12.92226087,25,38,106,7.4,3.8,0.6,0.1,14,1.72,4.158503401,13.54392157,0.651764706,1.554,0,0,DM
111,52,female,148,78.82608696,226,302,316,292,8.2,189,13.9,186,127,34,117,5.5,0,0.466666667,0.046666667,6,0.8,11.2,61.8,18.1,18,35,103,7.9,3.6,0.5,0.1,13.2,1.63,6,10.48,0.651764706,1.554,0,0,DM
112,43,female,106,78.82608696,161,225,236,219,7.2,160,11.4,229,176,43,133,5.3,0,0.466666667,0.046666667,11,0.7,35.8,50.1,71.2,18,29,112,7.7,3.4,0.5,0.1,11.5,5.59,5.1,11.9,0.651764706,1.554,0,0,DM
113,28,female,347,78.82608696,440,530,577,591,13.6,344,3.5,226,113,53,133,4.3,0,0.466666667,0.046666667,6,0.7,40.6,62.7,64.8,19,31,134,8.1,4,1.2,0.3,15.1,1.81,3,13.79,0.651764706,1.554,0,0,DM
114,40,female,173,390,179.6884058,203.3913043,196.1847826,177.1126761,9.1,215,7.3,202,782,20,60,10.1,0,0.466666667,0.046666667,6,0.7,27.7,16.3,69.9,18,37,130,8,3.8,0.4,0.1,11.4,1.99,3.5,10.88,0.651764706,1.554,0,0,DM
115,42,male,136,78.82608696,218,228,221,219,6.8,149,4.8,219,556,67,96,4.468707483,0,0.466666667,0.046666667,12,1.4,22.6,146.09,15,37,47,119,7.2,4,0.86,0.23,16.8,4.07,6.6,50,0.651764706,1.554,0,0,DM
116,42,female,130,78.82608696,200,255,250,242,7.6,171,7.524528302,138,116,41,86,3.4,0,0.466666667,0.046666667,11,0.9,0.3,92.4,12.92226087,15,23,72,7.2,3.5,0.3,0.1,11.4,3.52,4.8,13.54392157,0.651764706,1.554,0,0,DM
117,50,male,158,78.82608696,284,288,324,242,6.9,151,7.524528302,181,81,42,133,4.3,0,0.466666667,0.046666667,10,1,16.2,351.5,0.5,28,42,41,7.8,3.8,0.8,0.2,15.4,2.85,3,13.54392157,0.651764706,1.554,0,0,DM
118,47,female,179,78.82608696,285,369,400,374,9.3,220,7.524528302,266,317,37,190,7.2,0,0.466666667,0.046666667,9,0.8,20.2,37,12.92226087,57,47,126,8,3.9,0.4,0.1,12.3,4.77,3.1,13.54392157,0.651764706,1.554,0,0,DM
119,43,female,147,78.82608696,220,300,279,246,7.7,174,7.524528302,194,355,34,108,5.7,0,0.466666667,0.046666667,7,0.8,15.4,28.8,53.47,17,30,86,7.8,4.6,0.8,0.2,14.6,1.56,4.6,13.54392157,0.651764706,1.554,0,0,DM
120,67,male,139,78.82608696,218,286,264,246,7.8,177,7.524528302,212,115,69,142,3.1,0,0.466666667,0.046666667,11,0.9,39.7,64,62.03,18,38,125,7.3,4.6,0.6,0.2,17.9,0.55,3.4,13.54392157,0.651764706,1.554,0,0,DM
121,44,female,108,78.82608696,180,224,225,220,6.5,140,7.524528302,251,168,44,202,5.7,0,0.466666667,0.046666667,8,0.7,31.7,22.5,140.89,12,33,59,7.7,4.7,1.38,0.37,14,1.81,3.8,13.54392157,0.651764706,1.554,0,0,DM
122,36,male,149,78.82608696,181,252,292,272,7.8,177,7.524528302,264,754,35,133,7.5,0,0.466666667,0.046666667,10,1,20.9,85.9,24.33,36,78,64,7.6,4.5,0.6,0.2,17.6,2.69,5.3,13.54392157,0.651764706,1.554,0,0,DM
123,63,male,102,78.82608696,131,231,226,224,7,154,7.524528302,149,99,34,98,4.4,0,0.466666667,0.046666667,11,1,2.2,47.8,4.6,18,35,52,7.3,4,1.02,0.3,10.3,2.16,4.3,13.54392157,0.651764706,1.554,0,0,DM
124,48,female,108,78.82608696,202,246,285,256,11.5,283,7.524528302,220,119,45,161,4.9,0,0.466666667,0.046666667,12,0.9,10.27034483,79.86582192,12.92226087,26,34,103,8,3.6,0.6,0.2,10.5,4.53,3.4,13.54392157,0.651764706,1.554,0,0,DM
125,48,female,151,78.82608696,235,301,347,351,8.5,197,7.524528302,218,98,54,175,4,0,0.466666667,0.046666667,10,0.8,1.6,76.8,2.08,27,47,111,7.9,3.9,0.5,0.1,13.9,2.54,3.4,13.54392157,0.651764706,1.554,0,0,DM
126,55,male,147,78.82608696,211,290,295,299,8.8,206,7.524528302,191,261,35,125,5.5,0,0.466666667,0.046666667,9,1.1,1.5,44.9,3.34,14,33,90,7.9,4.3,0.3,0.1,14.6,3.52,4,13.54392157,0.651764706,1.554,0,0,DM
127,52,male,99,78.82608696,164,214,211,149,4.8,91,7.524528302,191,85,41,161,4.7,0,0.466666667,0.046666667,9,0.9,8.1,69.3,11.68,22,16,95,7.9,4.3,1.2,0.5,15.7,1.49,4.7,13.54392157,0.651764706,1.554,0,0,DM
128,46,male,104,0,202,298,315,261,8.3,191,0,175,95,34,146,5.1,0,0,0,7,1.1,1.9,38.3,4.96,34,69,48,7.4,4.2,0.7,0.3,13.9,1.7,4.7,0,0,0,0,0,DM
129,47,male,93,78.82608696,185,238,219,210,5.9,123,7.524528302,222,95,37,202,6,0,0.466666667,0.046666667,8,1.1,10.3,136.9,7.52,17,22,73,8.2,4.4,0.7,0.2,17.5,1.62,3.5,13.54392157,0.651764706,1.554,0,0,DM
130,50,male,121,78.82608696,203,260,254,230,6.1,129,7.524528302,197,373,42,106,4.7,0,0.466666667,0.046666667,9,1.1,9.6,73.1,13.13,32,66,51,7.8,4.8,0.3,0.1,16.5,1.54,5.8,13.54392157,0.651764706,1.554,0,0,DM
131,62,male,255,78.82608696,179.6884058,203.3913043,196.1847826,500,10.3,249,7.524528302,191,90,46,144,4.2,0,0.466666667,0.046666667,15,1.1,84.1,163,51.6,14,38,103,7.4,4.6,0.6,0.2,14.8,1.32,2.8,13.54392157,0.651764706,1.554,0,0,DM
132,40,male,154,78.82608696,239,260,272,216,7.9,180,17.6,247,1262,39,79,3.2,0,0.466666667,0.046666667,9,0.8,10.27034483,79.86582192,12.92226087,21,26,65,8,4.8,0.3,0.1,16.3,3.3,6.3,25.4,0.651764706,1.554,0,0,DM
133,49,male,260,78.82608696,339,435,450,444,10.9,266,7.524528302,141,99,35,104,4,0,0.466666667,0.046666667,6,1,13.9,76.8,12.92226087,14,36,86,6.4,4,0.6,0.2,15.8,2.94,3,13.54392157,0.651764706,1.554,0,0,DM
134,46,male,158,78.82608696,263,281,228,312,9.3,220,7.524528302,165,101,34,141,4.9,0,0.466666667,0.046666667,8,1.1,2.2,54.8,4.01,16,36,93,7.7,4.4,1.48,0.56,13.9,2.97,4.3,13.54392157,0.651764706,1.554,0,0,DM
135,55,male,100,78.82608696,170,220,256,257,6.6,143,7.524528302,246,172,44,201,5.6,0,0.466666667,0.046666667,7,1.1,3.4,70.8,4.8,58,100,93,7.7,4.3,0.6,0.2,16.7,2.83,5.1,13.54392157,0.651764706,1.554,0,0,DM
136,72,male,134,78.82608696,274,325,324,326,8.4,194,7.524528302,178,115,43,138,4.1,0,0.466666667,0.046666667,13,1.1,12.9,145.4,8.87,14,11,64,7.9,4.3,1.43,0.41,13.6,2.4,5.8,13.54392157,0.651764706,1.554,0,0,DM
137,45,female,135,78.82608696,231,204,264,274,6,126,7.524528302,156,48,35,106,4.5,0,0.466666667,0.046666667,8,1.1,4.8,27.8,17.3,19,36,135,7.1,3.1,0.4,0.1,12,1.07,4.3,13.54392157,0.651764706,1.554,0,0,DM
138,63,male,97,242,179.6884058,203.3913043,196.1847826,177.1126761,6,123,7.524528302,176,116,56,113,3.1,0,0.466666667,0.046666667,9,1.1,27.5,90.5,12.92226087,20,32,84,7.6,3.9,0.4,0.1,13.2,1.85,2.8,13.54392157,0.651764706,1.554,0,0,DM
139,48,male,158,78.82608696,244,219,315,236,7.9,180,7.8,179,102,39,130,4.5,0,0.466666667,0.046666667,8,1,3.7,45.47,8.14,19,38,121,7.7,4,0.4,0.1,14.5,3.17,3,22.65,0.651764706,1.554,0,0,DM
140,32,female,116,0,223,269,260,252,6.9,151,13.2,178,41,54,119,3.3,0,0,0,9,0.7,5.9,51.7,11.4,14,29,62,7.6,3.4,0.4,0.1,11.2,0.85,3.3,6.8,0,0,0,0,DM
141,50,male,122,78.82608696,207,238,274,314,9.1,215,8.7,190,113,45,106,4.2,0,0.466666667,0.046666667,8,1.1,20.4,149,13.7,16,43,119,7.5,4,0.5,0.1,14.5,0.19,3.1,19.22,0.651764706,1.554,0,0,DM
142,68,male,89,78.82608696,261,326,310,305,8.1,186,8.4,160,83,40,107,4,0,0.466666667,0.046666667,6,0.7,11.3,164.76,7,25,39,72,7.4,3.3,0.7,0.2,14.6,0.91,4.6,24.75,0.651764706,1.554,0,0,DM
143,51,female,134,78.82608696,241,288,289,258,8.3,191,7.3,168,75,28,129,6,0,0.466666667,0.046666667,9,0.6,3.9,43.3,9,17,34,83,7.4,3.5,0.3,0.1,12.9,6.36,2.9,11.77,0.651764706,1.554,0,0,DM
144,40,female,211,78.82608696,179.6884058,203.3913043,196.1847826,365,11.3,279,10.6,146,198,31,94,4.7,0,0.466666667,0.046666667,12,0.9,14.6,111.31,13.12,16,30,89,7,3.6,0.4,0.1,12.6,2.59,3.7,6.91,0.651764706,1.554,0,0,DM
145,53,female,197,78.82608696,248,320,342,329,9.8,235,11.6,259,144,42,188,6.1,0,0.466666667,0.046666667,9,1,12,124.66,9.63,19,39,101,7.6,4,0.5,0.1,12.6,7.51,5,15.33,0.651764706,1.554,0,0,DM
146,49,male,144,78.82608696,244,286,302,299,6,126,6.2,195,107,31,151,6.2,0,0.466666667,0.046666667,9,0.7,7.7,41.23,18.68,15,34,88,7.4,4.4,0.5,0.1,14.6,2.82,5.2,13.54392157,0.651764706,23.31,0,0,DM
147,51,male,256,320,179.6884058,203.3913043,196.1847826,177.1126761,10.9,266,6,196,484,32,113,6.1,0,0.466666667,0.046666667,12,0.8,4.7,61.99,7.58,15,38,136,8,4.5,0.7,0.1,14.4,2.41,3.8,9.22,0.651764706,1.554,0,0,DM
148,40,male,272,78.82608696,343,377,366,307,9.8,235,12.3,209,245,39,139,5.3,0,0.466666667,0.046666667,11,1.2,35.4,58.24,60.77,26,45,95,8,4,1.38,0.32,18.1,1.42,4.6,50,0.651764706,1.554,0,0,DM
149,48,female,130,78.82608696,119,348,357,358,7.3,163,11.6,183,184,33,133,5.5,0,0.466666667,0.046666667,8,0.8,24.5,191.6,13,15,33,93,8,4.1,0.5,0.2,12.3,2.09,13,43.32,0.651764706,1.554,0,0,DM
150,42,female,138,78.82608696,217,255,266,260,7.3,163,7.524528302,175,102,33,118,5.3,0,0.466666667,0.046666667,10,0.6,5.7,109.5,5.21,14,23,118,8,3.5,0.5,0.1,12.2,1.66,5.5,13.54392157,0.651764706,1.554,0,0,DM
